{
  "gazetteer": {
    "n": 867,
    "loy": 0.07759273277819834,
    "ctl": 0.13136215879235874
  },
  "anthology_mid": {
    "n": 283,
    "loy": 0.08711735377687235
  },
  "anthology_rup": {
    "n": 175,
    "loy": 0.2682403433476394
  },
  "xny_rup": {
    "n": 5,
    "loy": 0.1306532663316583
  },
  "A_baseline_equiv": {
    "point": 0.009524620998674016,
    "lo": -0.036023166855667366,
    "hi": 0.05773529519471561,
    "p": 0.7106
  },
  "B_rupture_vs_gaz": {
    "point": 0.19064761056944107,
    "lo": 0.10417413321162725,
    "hi": 0.27944447451687954,
    "p": 0.0
  },
  "B_control_vs_gaz": {
    "point": 0.047464736772734245,
    "lo": -0.04111838959326844,
    "hi": 0.15908774717277,
    "p": 0.3224
  },
  "Bp_xny_vs_gaz": {
    "point": 0.053060533553459965,
    "lo": -0.018209240008124735,
    "hi": 0.1730700932447635,
    "p": 0.1734
  }
}