{
  "n_sections": 26,
  "authors": [
    "許南英"
  ],
  "year_range": [
    1884,
    1917
  ],
  "min_specificity_primary": 0.8,
  "loyalist": {
    "pre_density": 0.10218241453261007,
    "rupture_density": 0.1306532663316583,
    "post1900_density": 0.07961296346980504,
    "bootstrap_rupture_vs_pre": {
      "point": 0.028470851799048236,
      "ci_lo": -0.08557443253771066,
      "ci_hi": 0.20255466586045448,
      "p_two_sided": 0.5646
    }
  },
  "control": {
    "pre_density": 0.2649173710104705,
    "rupture_density": 0.23450586264656617,
    "post1900_density": 0.21251589844316005,
    "bootstrap_rupture_vs_pre": {
      "point": -0.030411508363904355,
      "ci_lo": -0.2114011810113176,
      "ci_hi": 0.15119297162475048,
      "p_two_sided": 0.7622
    }
  },
  "loyalist_full_lexicon": {
    "pre_density": 0.14255077582944364,
    "rupture_density": 0.2646566164154104,
    "post1900_density": 0.13885982000547387
  },
  "changepoint": {
    "changepoint_year": 1897,
    "years": [
      1884,
      1885,
      1886,
      1887,
      1889,
      1890,
      1891,
      1894,
      1895,
      1896,
      1897,
      1899,
      1900,
      1901,
      1903,
      1905,
      1907,
      1909,
      1910,
      1911,
      1912,
      1913,
      1914,
      1915,
      1916,
      1917
    ],
    "signal": [
      0.09918319719953325,
      0.0,
      0.0,
      0.2565463552724699,
      0.0,
      0.0,
      0.0,
      0.0,
      0.12667135819845177,
      0.045714285714285714,
      0.04187604690117253,
      0.37974683544303806,
      0.2629016553067186,
      0.030792917628945343,
      0.029048656499636893,
      0.1095360824742268,
      0.3888888888888889,
      0.09836519811582156,
      0.0,
      0.03847894975101856,
      0.0644468313641246,
      0.11189427312775331,
      0.07506824385805277,
      0.23231031543052,
      0.1397218323338012,
      0.04848484848484847
    ]
  }
}